OrderID,Customer_Age,City,Category,Product Name,Quantity,Price,Discount_pct,Payment Method,Order_Date,Rating
ORD1073,46.0,Bangalore,Beauty,Shampoo,2,7.73,,UPI,26/05/2023,5.0
ORD1067,,,Beauty,Shampoo,5,74.76,0.0,Cash,2023-04-16,
ORD1411,150.0,Bangalore,Toys,Doll,-1,163.06,20.0,Net Banking,01/05/2023,
ORD1477,150.0,Mumbai,Electronics,Power Bank,0,41.53,0.0,UPI,26/01/2024,5.0
ORD1090,,Bangalore,Electronics,Wireless Mouse,3,238.75,0.0,Debit Card,2023-02-27,
ORD1346,52.0,Mumbai,Beauty,Face Cream,0,309.85,0.0,Cash,2024-05-31,5.0
ORD1514,-5.0,Chennai,Beauty,Face Mask,0,433.7,0.0,UPI,2024-12-24,
ORD1338,58.0,Delhi,Toys,Board Game,3,353.31,,Cash,2023-09-24,1.0
ORD1363,150.0,,Toys,Action Figure,5,231.84,0.0,,2023-12-06,5.0
ORD1313,150.0,Bangalore,Home & Kitchen,Lamp,0,17.55,0.0,,2024-05-06,5.0
ORD1475,-5.0,DELHI,Electronics,Laptop Stand,3,266.21,0.0,Debit Card,2023-06-09,4.0
ORD1239,,Pokhara,Toys,Board Game,4,324.51,,Debit Card,19/04/2023,
ORD1113,-5.0,Delhi,Clothing,Cap,5,465.2,0.0,Credit Card,10/03/2023,4.0
ORD1506,,DELHI,Sports,Gym Bag,4,85.5,0.0,,2023-02-14,3.0
ORD1474,,Pokhara,Electronics,USB Cable,2,446.12,0.0,Net Banking,2023-08-08,
ORD1066,20.0,mumbai,Toys,Action Figure,2,273.63,10.0,Debit Card,2023-08-21,5.0
ORD1480,34.0,Mumbai,Home & Kitchen,Frying Pan,1,263.93,20.0,Net Banking,2023-05-16,4.0
ORD1287,27.0,Kathmandu,Beauty,Face Mask,3,235.47,0.0,Debit Card,2023-11-22,2.0
ORD1071,,DELHI,Clothing,Jeans,-1,387.26,10.0,Cash,2023-03-18,5.0
ORD1489,,,Sports,Gym Bag,-1,475.45,10.0,Net Banking,2023-04-01,1.0
ORD1012,,Mumbai,Toys,RC Car,3,485.11,0.0,,2023-04-25,5.0
ORD1226,150.0,Hyderabad,Electronics,Power Bank,2,6288.5,0.0,Cash,2024-04-06,3.0
ORD1339,-5.0,Mumbai,Clothing,Hoodie,1,239.72,20.0,Debit Card,2024-11-28,3.0
ORD1227,150.0,Bangalore,Toys,Doll,2,486.64,15.0,Cash,2023-09-10,3.0
ORD1134,,Chennai,Toys,Action Figure,-1,172.12,5.0,Credit Card,2023-04-06,5.0
ORD1255,,DELHI,Clothing,Hoodie,1,88.9,15.0,UPI,2023-07-31,
ORD1505,150.0,Chennai,Beauty,Face Mask,1,343.94,0.0,Credit Card,2023-04-04,
ORD1458,,DELHI,Sports,Dumbbell,1,236.99,0.0,Debit Card,2023-02-13,5.0
ORD1420,,mumbai,Beauty,Perfume,5,377.43,0.0,UPI,2023-01-11,4.0
ORD1380,48.0,Kathmandu,Home & Kitchen,Coffee Mug,2,144.52,0.0,Net Banking,2024-11-10,
ORD1486,-5.0,Hyderabad,Books,Comic,0,451.07,0.0,Net Banking,2023-05-25,
ORD1450,-5.0,DELHI,Clothing,Jacket,1,46.33,20.0,,2024-03-08,5.0
ORD1533,150.0,,Toys,Board Game,5,498.34,0.0,Credit Card,14/05/2024,5.0
ORD1478,-5.0,Mumbai,Toys,Action Figure,0,279.16,0.0,UPI,2023-01-12,
ORD1327,150.0,Pokhara,Clothing,T-Shirt,5,279.41,0.0,UPI,2023-02-21,
ORD1140,-5.0,Hyderabad,Electronics,Bluetooth Speaker,2,486.03,0.0,Credit Card,2024-04-05,4.0
ORD1121,-5.0,Kathmandu,Electronics,Bluetooth Speaker,4,404.68,10.0,UPI,05/09/2024,4.0
ORD1343,,Kathmandu,Home & Kitchen,Water Bottle,2,90.73,0.0,Debit Card,2023-01-19,5.0
ORD1276,-5.0,Pokhara,Clothing,Sneakers,3,253.25,0.0,Debit Card,2024-06-19,5.0
ORD1538,55.0,Delhi,Beauty,Sunscreen,4,127.44,0.0,Debit Card,2023-12-02,3.0
ORD1109,150.0,Hyderabad,Sports,Jump Rope,1,118.26,0.0,,2023-03-04,2.0
ORD1299,,Chennai,Clothing,Hoodie,3,313.33,,Net Banking,2024-12-15,3.0
ORD1004,42.0,,Electronics,USB Cable,3,301.34,10.0,Net Banking,2024-09-10,2.0
ORD1189,37.0,Pokhara,Sports,Dumbbell,1,267.18,15.0,Credit Card,2024-02-11,1.0
ORD1429,150.0,Delhi,Clothing,Jeans,2,178.7,0.0,Credit Card,2023-09-13,2.0
ORD1232,37.0,,Home & Kitchen,Cutting Board,2,253.81,20.0,Credit Card,2024-10-02,3.0
ORD1513,24.0,Kathmandu,Clothing,T-Shirt,2,466.7,,Net Banking,2023-12-04,1.0
ORD1460,150.0,Chennai,Clothing,Sneakers,2,63.81,15.0,Cash,2023-11-21,4.0
ORD1356,150.0,Bangalore,Clothing,Hoodie,4,323.0,,Cash,2024-01-03,
ORD1543,,Chennai,Books,Cookbook,1,118.18,0.0,Cash,2024-05-01,3.0
ORD1326,,DELHI,Beauty,Sunscreen,4,370.26,0.0,Credit Card,2023-05-19,3.0
ORD1069,150.0,Kathmandu,Clothing,T-Shirt,-1,41.9,10.0,Net Banking,2024-03-02,4.0
ORD1229,-5.0,Chennai,Sports,Gym Bag,-1,446.56,20.0,Net Banking,2024-06-08,2.0
ORD1418,-5.0,DELHI,Sports,Jump Rope,1,167.69,5.0,Cash,2023-04-04,2.0
ORD1220,150.0,Delhi,Sports,Water Bottle,0,425.37,20.0,,2023-09-07,1.0
ORD1340,,Delhi,Books,Comic,1,53.43,15.0,Cash,2023-11-20,5.0
ORD1195,150.0,,Home & Kitchen,Water Bottle,2,172.82,5.0,,2023-08-13,5.0
ORD1464,,Kathmandu,Home & Kitchen,Lamp,1,293.77,10.0,Net Banking,2024-11-05,
ORD1358,57.0,Hyderabad,Sports,Jump Rope,2,294.96,0.0,Debit Card,2024-05-08,
ORD1190,30.0,mumbai,Home & Kitchen,Frying Pan,-1,124.72,15.0,Cash,2024-06-20,5.0
ORD1304,150.0,Bangalore,Beauty,Sunscreen,1,16026.499999999998,0.0,Debit Card,2024-01-23,1.0
ORD1009,150.0,mumbai,Beauty,Perfume,1,302.55,15.0,UPI,2023-09-29,4.0
ORD1517,-5.0,Pokhara,Home & Kitchen,Water Bottle,2,191.35,0.0,Credit Card,2023-01-12,5.0
ORD1081,-5.0,Bangalore,Electronics,Bluetooth Speaker,1,432.24,20.0,Cash,2024-04-17,5.0
ORD1367,,,Electronics,Webcam,1,480.79,0.0,Net Banking,2024-07-20,3.0
ORD1181,,,Sports,Jump Rope,2,173.83,5.0,,2024-02-25,1.0
ORD1217,150.0,mumbai,Sports,Dumbbell,2,166.07,,Cash,2023-03-11,5.0
ORD1300,150.0,Mumbai,Books,Notebook,1,47.25,0.0,Debit Card,17/05/2024,4.0
ORD1169,50.0,Hyderabad,Books,Cookbook,3,25.18,15.0,Debit Card,2023-11-23,5.0
ORD1139,24.0,,Toys,Action Figure,0,185.0,10.0,UPI,2023-05-22,
ORD1502,57.0,Bangalore,Home & Kitchen,Frying Pan,4,270.37,0.0,Cash,2023-11-08,5.0
ORD1277,150.0,DELHI,Toys,Puzzle,3,400.16,15.0,,2024-03-15,2.0
ORD1160,32.0,Bangalore,Books,Textbook,2,365.47,5.0,UPI,2023-11-04,
ORD1504,-5.0,Kathmandu,Home & Kitchen,Frying Pan,1,407.83,0.0,Cash,2023-07-03,2.0
ORD1155,150.0,Bangalore,Beauty,Face Mask,4,492.9,0.0,Credit Card,2024-01-08,3.0
ORD1350,18.0,,Clothing,T-Shirt,-1,314.8,0.0,UPI,2024-05-23,4.0
ORD1026,-5.0,DELHI,Books,Textbook,1,393.66,5.0,Net Banking,26/09/2024,
ORD1272,150.0,Pokhara,Home & Kitchen,Coffee Mug,1,20300.5,20.0,,2023-03-03,
ORD1434,,Bangalore,Sports,Jump Rope,3,55.06,0.0,Net Banking,2024-01-09,3.0
ORD1409,150.0,Chennai,Toys,Doll,1,453.16,20.0,Cash,2024-09-30,2.0
ORD1471,-5.0,mumbai,Clothing,Jeans,-1,11.02,15.0,Net Banking,2024-02-16,
ORD1118,-5.0,Bangalore,Electronics,Power Bank,-1,97.35,0.0,UPI,2023-08-09,5.0
ORD1349,150.0,Pokhara,Home & Kitchen,Blender,1,190.43,10.0,Net Banking,2024-05-24,4.0
ORD1414,150.0,Hyderabad,Books,Novel,4,288.85,10.0,UPI,2024-11-01,2.0
ORD1001,-5.0,DELHI,Sports,Dumbbell,5,450.71,5.0,Credit Card,2023-10-01,5.0
ORD1283,-5.0,Hyderabad,Beauty,Sunscreen,2,190.91,0.0,Credit Card,04/06/2023,4.0
ORD1412,,Hyderabad,Home & Kitchen,Blender,-1,475.28,10.0,UPI,2024-03-15,2.0
ORD1521,-5.0,DELHI,Home & Kitchen,Frying Pan,-1,299.09,0.0,Credit Card,2023-06-19,5.0
ORD1430,-5.0,DELHI,Toys,Doll,1,62.95,20.0,UPI,2024-05-08,
ORD1499,-5.0,,Beauty,Face Mask,2,487.33,,Net Banking,29/07/2023,
ORD1161,,mumbai,Toys,Action Figure,2,187.05,0.0,Net Banking,20/05/2024,5.0
ORD1015,150.0,,Beauty,Perfume,1,95.0,5.0,Net Banking,2024-06-29,3.0
ORD1375,,,Beauty,Lipstick,2,40.24,5.0,Debit Card,2024-09-27,5.0
ORD1468,20.0,DELHI,Home & Kitchen,Water Bottle,4,434.96,10.0,UPI,2024-01-13,
ORD1252,53.0,,Home & Kitchen,Blender,2,195.62,0.0,Net Banking,2023-08-19,
ORD1466,-5.0,Hyderabad,Electronics,Laptop Stand,2,190.56,0.0,,12/04/2023,
ORD1019,150.0,Hyderabad,Toys,Lego Set,4,218.81,0.0,UPI,14/07/2023,4.0
ORD1007,-5.0,Hyderabad,Books,Journal,1,33.75,0.0,UPI,2024-06-30,
ORD1100,59.0,Chennai,Beauty,Shampoo,5,58.41,,Net Banking,2023-01-26,4.0
ORD1384,59.0,mumbai,Beauty,Face Mask,2,439.35,0.0,,2024-12-02,4.0
ORD1064,,Pokhara,Beauty,Sunscreen,3,181.59,15.0,Debit Card,2023-12-27,2.0
ORD1470,150.0,DELHI,Books,Journal,-1,481.8,0.0,UPI,2024-03-01,
ORD1541,40.0,Mumbai,Toys,Board Game,1,477.26,10.0,,2024-01-14,
ORD1125,-5.0,Pokhara,Clothing,Sneakers,0,117.83,0.0,,2024-02-15,5.0
ORD1281,38.0,,Clothing,Hoodie,1,445.55,,UPI,15/02/2024,5.0
ORD1473,,Mumbai,Home & Kitchen,Frying Pan,5,26.36,10.0,UPI,11/02/2024,1.0
ORD1438,,Delhi,Books,Textbook,2,411.82,10.0,UPI,19/12/2023,4.0
ORD1337,-5.0,Delhi,Beauty,Lipstick,-1,428.45,20.0,Debit Card,2023-07-07,5.0
ORD1204,33.0,DELHI,Clothing,T-Shirt,1,449.78,20.0,,31/08/2024,1.0
ORD1291,-5.0,Kathmandu,Sports,Yoga Mat,1,20.1,0.0,Debit Card,05/05/2023,4.0
ORD1213,,Hyderabad,Electronics,Power Bank,5,327.72,0.0,Credit Card,2023-11-24,4.0
ORD1048,,mumbai,Sports,Yoga Mat,2,262.43,20.0,Credit Card,2023-08-29,3.0
ORD1065,-5.0,,Electronics,Power Bank,-1,144.06,0.0,UPI,2024-12-07,
ORD1147,,Mumbai,Toys,Lego Set,1,306.73,0.0,UPI,2024-10-12,2.0
ORD1352,-5.0,Bangalore,Home & Kitchen,Cutting Board,5,428.96,20.0,Credit Card,21/02/2023,5.0
ORD1238,28.0,Kathmandu,Toys,Board Game,-1,17.04,20.0,,2024-08-31,5.0
ORD1056,150.0,Pokhara,Clothing,Hoodie,0,461.33,20.0,Credit Card,2023-04-28,1.0
ORD1107,150.0,Pokhara,Clothing,T-Shirt,3,208.14,0.0,Credit Card,2023-09-01,3.0
ORD1268,59.0,Bangalore,Clothing,T-Shirt,0,352.73,5.0,Debit Card,2024-01-29,5.0
ORD1528,28.0,Pokhara,Books,Notebook,-1,140.34,10.0,Net Banking,2023-11-23,4.0
ORD1539,-5.0,,Beauty,Shampoo,5,228.02,10.0,Debit Card,2024-06-28,4.0
ORD1164,36.0,Kathmandu,Toys,Puzzle,-1,270.21,10.0,UPI,2023-06-06,
ORD1063,-5.0,Pokhara,Toys,Puzzle,1,415.23,20.0,,2023-10-29,5.0
ORD1386,52.0,Mumbai,Home & Kitchen,Frying Pan,4,402.72,0.0,Cash,2024-04-06,2.0
ORD1226,150.0,Hyderabad,Electronics,Power Bank,2,125.77,0.0,Cash,2024-04-06,3.0
ORD1405,-5.0,Delhi,Clothing,Jeans,1,163.42,0.0,,2023-06-11,4.0
ORD1165,,mumbai,Clothing,Cap,-1,49.69,0.0,Credit Card,2023-10-09,
ORD1459,,Mumbai,Sports,Yoga Mat,0,32.87,0.0,Credit Card,2023-12-13,5.0
ORD1104,59.0,,Electronics,Laptop Stand,2,256.74,0.0,Credit Card,2023-07-14,4.0
ORD1222,20.0,DELHI,Books,Novel,2,286.31,10.0,Cash,2023-08-05,5.0
ORD1263,63.0,Kathmandu,Electronics,USB Cable,1,74.34,0.0,Cash,2023-02-23,2.0
ORD1214,,Kathmandu,Home & Kitchen,Water Bottle,0,116.01,,UPI,2024-08-16,4.0
ORD1483,,Bangalore,Clothing,Jacket,3,230.0,,UPI,2024-08-31,
ORD1176,150.0,Mumbai,Books,Textbook,4,91.31,0.0,Debit Card,27/05/2024,5.0
ORD1279,150.0,Bangalore,Toys,Puzzle,2,352.47,5.0,Debit Card,2023-02-17,1.0
ORD1492,,Kathmandu,Beauty,Perfume,-1,311.97,20.0,Cash,2024-11-25,4.0
ORD1135,52.0,Pokhara,Home & Kitchen,Frying Pan,2,471.74,15.0,Credit Card,2023-08-20,
ORD1143,45.0,mumbai,Books,Novel,1,251.14,10.0,,2023-01-20,
ORD1158,-5.0,Pokhara,Beauty,Shampoo,5,382.0,,UPI,2024-06-14,
ORD1381,-5.0,DELHI,Beauty,Lipstick,5,63.49,20.0,Debit Card,2023-09-04,1.0
ORD1497,150.0,,Clothing,Cap,1,293.91,15.0,Debit Card,03/01/2024,
ORD1046,150.0,mumbai,Books,Cookbook,1,332.95,,Net Banking,2024-04-12,5.0
ORD1148,150.0,mumbai,Toys,Doll,3,253.83,,UPI,17/05/2023,3.0
ORD1215,-5.0,,Books,Journal,3,357.53,0.0,Cash,2023-09-21,3.0
ORD1129,150.0,Delhi,Sports,Water Bottle,1,8.44,0.0,Net Banking,2023-02-28,
ORD1549,-5.0,DELHI,Home & Kitchen,Water Bottle,1,262.55,10.0,,2024-04-25,5.0
ORD1124,150.0,DELHI,Home & Kitchen,Blender,4,59.48,0.0,Cash,2023-01-22,5.0
ORD1257,-5.0,Hyderabad,Beauty,Shampoo,2,468.4,20.0,Cash,2023-05-30,3.0
ORD1290,,Bangalore,Sports,Gym Bag,1,297.46,0.0,Credit Card,2024-11-24,4.0
ORD1101,,Pokhara,Beauty,Lipstick,4,20.56,0.0,Cash,2023-04-30,2.0
ORD1161,,mumbai,Toys,Action Figure,2,187.05,0.0,Net Banking,20/05/2024,5.0
ORD1103,-5.0,,Books,Comic,2,160.61,15.0,Debit Card,2023-02-03,5.0
ORD1192,33.0,Bangalore,Books,Notebook,1,449.12,10.0,Cash,2024-02-15,5.0
ORD1518,-5.0,Mumbai,Electronics,Power Bank,3,406.22,,Debit Card,2023-12-16,4.0
ORD1396,-5.0,Pokhara,Sports,Gym Bag,1,465.72,0.0,Debit Card,2023-06-29,
ORD1526,-5.0,Kathmandu,Electronics,Webcam,2,237.0,10.0,UPI,2023-01-24,4.0
ORD1210,150.0,Delhi,Home & Kitchen,Frying Pan,0,84.6,5.0,Debit Card,09/09/2024,
ORD1365,150.0,Kathmandu,Clothing,Sneakers,1,471.03,5.0,Credit Card,2024-02-24,4.0
ORD1296,-5.0,DELHI,Sports,Jump Rope,3,263.51,0.0,Net Banking,2024-05-06,5.0
ORD1303,-5.0,Bangalore,Clothing,Jeans,4,272.61,5.0,,2024-10-16,
ORD1498,150.0,Mumbai,Clothing,Sneakers,5,43.48,5.0,Cash,2024-04-30,1.0
ORD1207,,mumbai,Books,Comic,1,55.23,10.0,UPI,2023-12-19,4.0
ORD1404,32.0,Bangalore,Toys,Board Game,5,414.1,10.0,Cash,2024-05-08,3.0
ORD1047,,Pokhara,Clothing,Cap,5,159.3,10.0,Net Banking,2024-04-05,
ORD1508,,mumbai,Electronics,Webcam,2,412.16,,Credit Card,2023-01-13,
ORD1270,51.0,,Home & Kitchen,Lamp,1,150.33,15.0,,2023-09-03,2.0
ORD1221,-5.0,Delhi,Sports,Gym Bag,5,330.52,0.0,Cash,2023-02-27,4.0
ORD1130,39.0,Mumbai,Sports,Gym Bag,2,257.82,0.0,Cash,2023-11-26,2.0
ORD1014,33.0,Pokhara,Sports,Yoga Mat,1,110.11,0.0,Debit Card,2024-01-07,1.0
ORD1385,53.0,Mumbai,Electronics,Laptop Stand,3,368.86,5.0,Debit Card,08/02/2023,5.0
ORD1245,,Delhi,Electronics,Power Bank,2,12.65,15.0,Net Banking,2023-07-30,2.0
ORD1093,-5.0,,Beauty,Lipstick,5,381.59,10.0,Credit Card,2023-11-06,4.0
ORD1288,-5.0,Kathmandu,Sports,Water Bottle,3,273.61,0.0,Cash,2024-02-21,5.0
ORD1302,-5.0,Hyderabad,Toys,Doll,3,268.02,15.0,Net Banking,2023-03-16,2.0
ORD1269,,Mumbai,Books,Textbook,0,182.95,20.0,,2024-09-14,5.0
ORD1368,150.0,Hyderabad,Electronics,Laptop Stand,0,453.15,15.0,Cash,2024-09-12,4.0
ORD1410,150.0,Hyderabad,Clothing,T-Shirt,1,50.19,0.0,Debit Card,2023-07-27,2.0
ORD1002,,Kathmandu,Electronics,Wireless Mouse,2,475.6,,,2023-08-27,
ORD1062,150.0,Kathmandu,Books,Cookbook,1,139.32,,,2023-09-05,
ORD1077,53.0,Pokhara,Home & Kitchen,Lamp,1,386.78,,,2023-06-14,4.0
ORD1114,64.0,Hyderabad,Books,Novel,0,405.02,10.0,UPI,2024-07-29,4.0
ORD1369,,mumbai,Home & Kitchen,Frying Pan,1,101.92,5.0,UPI,2023-05-22,
ORD1532,,DELHI,Sports,Resistance Band,5,499.86,15.0,UPI,2024-04-26,5.0
ORD1462,,mumbai,Home & Kitchen,Lamp,5,326.36,,Debit Card,2023-10-09,2.0
ORD1378,40.0,Pokhara,Clothing,Jacket,0,16.52,15.0,Cash,2023-02-22,
ORD1509,31.0,mumbai,Sports,Water Bottle,5,475.15,0.0,UPI,2023-03-23,
ORD1034,44.0,Kathmandu,Home & Kitchen,Water Bottle,4,474.7,0.0,Debit Card,2024-09-27,3.0
ORD1311,-5.0,mumbai,Electronics,Wireless Mouse,3,222.29,10.0,,2023-07-30,
ORD1105,-5.0,mumbai,Toys,Board Game,2,454.25,0.0,Debit Card,2023-05-09,4.0
ORD1145,150.0,Mumbai,Beauty,Sunscreen,0,146.0,0.0,Net Banking,2023-09-05,5.0
ORD1025,43.0,Delhi,Electronics,Webcam,1,230.75,5.0,,10/07/2023,4.0
ORD1254,-5.0,,Home & Kitchen,Blender,5,161.88,20.0,Credit Card,2023-09-27,4.0
ORD1203,57.0,Delhi,Home & Kitchen,Coffee Mug,2,85.01,5.0,Credit Card,2023-07-13,4.0
ORD1170,150.0,Mumbai,Clothing,Sneakers,1,297.49,5.0,UPI,2023-10-01,4.0
ORD1230,150.0,mumbai,Electronics,USB Cable,4,317.41,0.0,Debit Card,2024-02-02,
ORD1094,,Mumbai,Beauty,Lipstick,1,282.83,15.0,Net Banking,2024-11-05,
ORD1240,-5.0,Chennai,Home & Kitchen,Frying Pan,5,92.67,20.0,Credit Card,2024-11-26,
ORD1324,150.0,,Toys,Lego Set,1,143.57,0.0,UPI,2023-08-22,5.0
ORD1153,150.0,Pokhara,Books,Notebook,3,76.72,0.0,UPI,16/04/2023,
ORD1083,150.0,Pokhara,Home & Kitchen,Frying Pan,3,168.79,,Net Banking,2024-06-03,
ORD1089,,Delhi,Beauty,Face Mask,2,444.17,10.0,,2023-08-21,2.0
ORD1088,57.0,,Toys,RC Car,-1,320.59,5.0,Net Banking,2024-01-25,1.0
ORD1390,-5.0,Delhi,Electronics,Wireless Mouse,0,404.38,5.0,UPI,2024-09-02,4.0
ORD1454,150.0,,Electronics,Bluetooth Speaker,1,453.65,0.0,Debit Card,2023-09-30,4.0
ORD1312,150.0,Bangalore,Clothing,T-Shirt,1,43.84,0.0,Credit Card,2024-02-07,5.0
ORD1453,47.0,Pokhara,Clothing,T-Shirt,1,214.99,15.0,Cash,2023-01-16,5.0
ORD1212,150.0,Chennai,Clothing,Hoodie,3,347.49,,UPI,2023-10-17,5.0
ORD1249,-5.0,Bangalore,Sports,Dumbbell,5,481.99,0.0,Net Banking,2024-10-12,3.0
ORD1248,,mumbai,Electronics,Bluetooth Speaker,2,483.49,20.0,Cash,2023-04-30,4.0
ORD1493,,Bangalore,Home & Kitchen,Water Bottle,3,142.3,0.0,Net Banking,2024-04-04,
ORD1051,,Chennai,Clothing,Jacket,4,484.94,,,12/05/2024,4.0
ORD1531,150.0,,Beauty,Face Mask,-1,407.39,0.0,Net Banking,2023-03-22,3.0
ORD1540,150.0,Delhi,Books,Journal,2,68.93,0.0,Net Banking,2024-03-21,1.0
ORD1154,35.0,Chennai,Beauty,Perfume,3,247.28,0.0,Net Banking,02/04/2024,4.0
ORD1040,,Hyderabad,Beauty,Face Cream,2,222.88,5.0,,2024-06-03,5.0
ORD1262,-5.0,Pokhara,Electronics,Laptop Stand,2,495.08,10.0,Debit Card,2024-12-06,5.0
ORD1085,49.0,Hyderabad,Toys,Lego Set,1,158.94,0.0,Cash,2023-11-22,3.0
ORD1496,,DELHI,Toys,Action Figure,1,179.91,5.0,Net Banking,2023-05-15,5.0
ORD1289,,Chennai,Electronics,Bluetooth Speaker,2,146.84,15.0,Debit Card,2024-12-22,2.0
ORD1035,42.0,Pokhara,Beauty,Lipstick,4,482.99,,Debit Card,2024-11-16,2.0
ORD1201,,Bangalore,Electronics,Power Bank,-1,322.81,5.0,Net Banking,2023-05-17,4.0
ORD1519,44.0,mumbai,Sports,Yoga Mat,1,493.7,10.0,UPI,2024-05-08,
ORD1001,-5.0,Delhi,Clothing,Jeans,0,276.87,20.0,Credit Card,2024-08-25,2.0
ORD1397,-5.0,DELHI,Beauty,Face Cream,1,429.91,,Cash,2024-06-03,4.0
ORD1167,,mumbai,Toys,Doll,4,163.79,20.0,UPI,2024-09-24,5.0
ORD1445,,mumbai,Electronics,Power Bank,3,407.34,0.0,UPI,2023-11-30,
ORD1271,19.0,Bangalore,Home & Kitchen,Coffee Mug,4,405.63,0.0,Cash,2024-08-05,2.0
ORD1315,27.0,Pokhara,Clothing,Sneakers,1,418.81,0.0,Net Banking,2023-09-27,1.0
ORD1163,150.0,mumbai,Sports,Jump Rope,-1,318.6,0.0,,2023-12-19,3.0
ORD1403,150.0,mumbai,Beauty,Perfume,3,255.1,15.0,UPI,2024-08-24,4.0
ORD1347,150.0,Hyderabad,Beauty,Face Cream,1,319.37,0.0,Credit Card,2023-02-19,
ORD1266,,Delhi,Home & Kitchen,Coffee Mug,4,371.68,,Net Banking,2023-05-17,1.0
ORD1408,150.0,,Beauty,Face Mask,2,10.36,0.0,Cash,2023-03-29,3.0
ORD1515,-5.0,Bangalore,Books,Textbook,5,27.38,5.0,Net Banking,2024-06-16,4.0
ORD1196,,Chennai,Toys,Action Figure,0,177.86,0.0,Credit Card,2023-03-25,2.0
ORD1383,18.0,Bangalore,Electronics,USB Cable,2,316.33,5.0,Net Banking,2023-11-25,
ORD1185,-5.0,,Electronics,USB Cable,1,132.68,10.0,Debit Card,2023-12-21,4.0
ORD1503,150.0,DELHI,Sports,Jump Rope,5,158.22,20.0,,2023-04-03,
ORD1379,150.0,mumbai,Books,Cookbook,1,408.16,0.0,Debit Card,17/06/2024,4.0
ORD1465,29.0,Delhi,Home & Kitchen,Frying Pan,3,481.28,5.0,Credit Card,24/04/2023,3.0
ORD1044,150.0,,Electronics,Wireless Mouse,2,455.11,,Cash,2024-05-01,4.0
ORD1400,150.0,,Clothing,Jeans,0,378.5,5.0,UPI,2024-08-02,1.0
ORD1043,,Delhi,Beauty,Face Cream,2,22.02,0.0,Debit Card,2024-06-11,5.0
ORD1173,-5.0,Hyderabad,Sports,Gym Bag,5,258.49,20.0,Debit Card,2023-10-20,5.0
ORD1436,53.0,,Sports,Water Bottle,1,351.98,20.0,UPI,2024-10-07,5.0
ORD1198,64.0,,Sports,Dumbbell,-1,449.07,20.0,,2024-03-01,5.0
ORD1449,150.0,Hyderabad,Toys,Puzzle,-1,191.25,20.0,Cash,2024-01-18,4.0
ORD1084,150.0,Kathmandu,Home & Kitchen,Cutting Board,-1,36.46,5.0,,2024-07-10,4.0
ORD1206,,Pokhara,Clothing,Jacket,1,9.55,20.0,Credit Card,2024-11-07,
ORD1307,150.0,Mumbai,Beauty,Face Cream,3,260.57,0.0,Cash,2023-09-20,
ORD1511,150.0,DELHI,Electronics,Laptop Stand,1,308.64,15.0,Net Banking,2023-06-15,
ORD1271,19.0,Bangalore,Home & Kitchen,Coffee Mug,4,405.63,0.0,Cash,2024-08-05,2.0
ORD1171,150.0,Bangalore,Toys,Action Figure,3,340.39,10.0,Cash,2024-08-14,
ORD1106,29.0,Bangalore,Toys,Doll,1,128.4,0.0,Net Banking,2023-10-11,5.0
ORD1211,,Delhi,Toys,Board Game,2,276.62,20.0,,2023-01-16,
ORD1301,,Chennai,Home & Kitchen,Water Bottle,2,30.58,0.0,Credit Card,2023-05-14,1.0
ORD1357,-5.0,mumbai,Electronics,Wireless Mouse,2,18.12,0.0,,2024-11-01,4.0
ORD1141,-5.0,Delhi,Sports,Yoga Mat,4,481.41,0.0,UPI,2024-05-29,4.0
ORD1446,-5.0,Hyderabad,Books,Textbook,5,473.89,,Net Banking,2024-10-08,
ORD1342,-5.0,Mumbai,Books,Comic,4,239.37,0.0,Credit Card,2024-02-18,
ORD1524,31.0,mumbai,Beauty,Sunscreen,2,421.85,,,2023-12-02,3.0
ORD1097,-5.0,Bangalore,Toys,Doll,3,263.75,0.0,UPI,2024-06-27,
ORD1258,-5.0,Hyderabad,Sports,Water Bottle,1,349.53,,Net Banking,2024-10-10,5.0
ORD1242,-5.0,Mumbai,Sports,Jump Rope,5,477.19,0.0,,23/11/2023,2.0
ORD1370,-5.0,Bangalore,Clothing,Hoodie,2,39.33,0.0,Net Banking,2024-12-04,
ORD1233,,DELHI,Home & Kitchen,Water Bottle,4,290.57,,Debit Card,2023-12-04,5.0
ORD1267,31.0,DELHI,Home & Kitchen,Lamp,2,350.02,0.0,,2024-10-05,
ORD1482,-5.0,Delhi,Electronics,USB Cable,4,349.4,15.0,,2023-11-28,4.0
ORD1441,150.0,Pokhara,Home & Kitchen,Lamp,2,46.99,20.0,Cash,2024-12-28,5.0
ORD1061,-5.0,Pokhara,Home & Kitchen,Blender,5,197.4,0.0,UPI,2023-11-29,5.0
ORD1194,62.0,mumbai,Electronics,Power Bank,1,318.39,10.0,,2024-04-21,5.0
ORD1013,51.0,Chennai,Toys,RC Car,2,417.06,15.0,Debit Card,2024-10-16,
ORD1548,-5.0,,Books,Novel,-1,337.43,0.0,,16/09/2024,2.0
ORD1275,,Bangalore,Sports,Gym Bag,0,258.11,0.0,Credit Card,2023-02-26,1.0
ORD1022,42.0,Hyderabad,Toys,Action Figure,1,74.05,20.0,Credit Card,2024-02-21,3.0
ORD1308,150.0,,Sports,Water Bottle,4,164.86,0.0,Net Banking,2023-12-26,4.0
ORD1481,,Hyderabad,Books,Comic,1,316.55,5.0,,2023-05-19,4.0
ORD1174,150.0,mumbai,Home & Kitchen,Blender,4,117.12,10.0,UPI,2023-02-22,2.0
ORD1039,-5.0,Kathmandu,Home & Kitchen,Blender,4,343.7,15.0,UPI,2023-01-02,4.0
ORD1360,150.0,Kathmandu,Electronics,Webcam,2,289.86,0.0,Credit Card,2024-07-17,
ORD1345,,Hyderabad,Beauty,Shampoo,3,202.26,5.0,Credit Card,2024-05-16,4.0
ORD1273,,Pokhara,Electronics,Power Bank,-1,434.2,15.0,Credit Card,2024-07-04,
ORD1536,29.0,Chennai,Clothing,Cap,0,472.66,,Net Banking,2024-03-17,4.0
ORD1318,150.0,Bangalore,Toys,Lego Set,1,4539.0,5.0,Credit Card,2023-06-21,4.0
ORD1001,41.0,Pokhara,Electronics,Power Bank,2,275.08,0.0,Net Banking,2023-01-03,
ORD1246,150.0,mumbai,Home & Kitchen,Coffee Mug,5,464.52,20.0,,2023-04-27,5.0
ORD1399,,DELHI,Home & Kitchen,Water Bottle,1,376.68,,,2024-11-09,3.0
ORD1095,58.0,Bangalore,Clothing,Cap,2,386.63,10.0,,2024-09-27,2.0
ORD1437,-5.0,Delhi,Electronics,Power Bank,1,41.02,15.0,Cash,2023-03-03,5.0
ORD1313,150.0,Bangalore,Home & Kitchen,Lamp,0,17.55,0.0,,2024-05-06,5.0
ORD1491,,Kathmandu,Beauty,Lipstick,4,230.55,0.0,Debit Card,2023-01-31,5.0
ORD1131,150.0,Chennai,Electronics,Bluetooth Speaker,5,211.62,15.0,UPI,2024-03-25,5.0
ORD1072,45.0,DELHI,Beauty,Lipstick,5,103.36,5.0,,2023-03-14,4.0
ORD1187,150.0,mumbai,Home & Kitchen,Lamp,5,409.52,,Debit Card,2023-04-13,4.0
ORD1330,,Mumbai,Home & Kitchen,Lamp,4,127.63,0.0,Cash,09/06/2024,3.0
ORD1431,150.0,mumbai,Clothing,Hoodie,1,75.78,0.0,Credit Card,2023-02-25,
ORD1168,,,Home & Kitchen,Frying Pan,1,97.33,15.0,Cash,06/12/2024,
ORD1442,43.0,Delhi,Clothing,Jeans,1,493.39,0.0,Debit Card,2023-05-09,3.0
ORD1111,,Delhi,Books,Textbook,2,148.43,20.0,,2024-04-09,
ORD1138,150.0,,Toys,Action Figure,3,352.99,0.0,UPI,2024-11-25,4.0
ORD1017,63.0,Kathmandu,Clothing,T-Shirt,3,155.6,5.0,Credit Card,2023-01-22,2.0
ORD1320,44.0,DELHI,Toys,Board Game,-1,128.87,20.0,Net Banking,2024-04-14,
ORD1373,150.0,,Toys,Puzzle,2,51.75,5.0,Credit Card,2023-07-28,
ORD1355,150.0,Bangalore,Toys,Lego Set,1,39.93,,Credit Card,2023-04-26,4.0
ORD1092,-5.0,Bangalore,Home & Kitchen,Lamp,1,358.06,20.0,Credit Card,2024-04-21,
ORD1102,44.0,mumbai,Sports,Water Bottle,3,320.02,,Cash,2024-11-17,3.0
ORD1205,-5.0,Bangalore,Sports,Dumbbell,-1,305.18,15.0,Net Banking,2023-08-11,5.0
ORD1296,-5.0,DELHI,Sports,Jump Rope,3,263.51,0.0,Net Banking,2024-05-06,5.0
ORD1001,-5.0,Hyderabad,Books,Textbook,1,347.01,,Net Banking,2023-12-02,5.0
ORD1018,150.0,,Electronics,Wireless Mouse,3,264.75,5.0,Debit Card,2023-03-14,
ORD1021,21.0,,Sports,Dumbbell,2,307.87,0.0,Net Banking,2024-04-18,2.0
ORD1305,65.0,,Clothing,Hoodie,3,364.42,5.0,Debit Card,2024-09-18,5.0
ORD1264,-5.0,,Clothing,Sneakers,1,261.57,0.0,Credit Card,2023-05-16,1.0
ORD1422,-5.0,Delhi,Books,Cookbook,-1,395.86,15.0,Net Banking,2023-01-16,5.0
ORD1137,-5.0,,Beauty,Face Mask,2,261.8,,Debit Card,2024-03-30,
ORD1200,150.0,Hyderabad,Sports,Yoga Mat,2,391.04,20.0,UPI,2024-02-23,4.0
ORD1406,,Hyderabad,Sports,Jump Rope,5,448.28,0.0,Credit Card,2024-05-05,4.0
ORD1070,34.0,Delhi,Toys,Doll,4,493.51,0.0,Debit Card,2023-11-09,4.0
ORD1224,,mumbai,Home & Kitchen,Coffee Mug,0,187.02,0.0,UPI,2023-09-04,4.0
ORD1398,50.0,Pokhara,Beauty,Shampoo,3,217.35,20.0,Debit Card,2024-02-06,
ORD1484,,Delhi,Electronics,Bluetooth Speaker,2,315.64,10.0,Credit Card,2024-12-02,1.0
ORD1325,28.0,Chennai,Clothing,Sneakers,2,477.66,10.0,Credit Card,2024-02-21,
ORD1407,150.0,Bangalore,Clothing,Cap,-1,197.65,0.0,UPI,2023-02-10,3.0
ORD1401,150.0,Kathmandu,Electronics,USB Cable,3,56.05,,Net Banking,28/08/2023,5.0
ORD1351,,Delhi,Electronics,Webcam,5,254.05,,,2023-06-02,2.0
ORD1393,-5.0,Kathmandu,Beauty,Face Mask,2,189.15,10.0,UPI,2023-04-13,
ORD1328,-5.0,,Beauty,Face Cream,2,307.8,0.0,Net Banking,2024-01-17,
ORD1183,150.0,Pokhara,Books,Comic,2,462.72,15.0,UPI,2023-09-10,4.0
ORD1542,150.0,Chennai,Toys,Puzzle,2,305.06,20.0,,2024-03-18,4.0
ORD1186,21.0,mumbai,Clothing,T-Shirt,0,331.69,20.0,Debit Card,2024-08-23,4.0
ORD1341,49.0,Bangalore,Beauty,Face Cream,1,248.35,0.0,Net Banking,2024-04-07,3.0
ORD1133,150.0,Hyderabad,Home & Kitchen,Blender,0,64.33,15.0,Debit Card,2024-11-10,2.0
ORD1433,150.0,Chennai,Clothing,Hoodie,2,311.02,5.0,UPI,2023-08-31,3.0
ORD1178,64.0,Delhi,Beauty,Sunscreen,2,196.43,,Cash,2024-05-01,5.0
ORD1550,150.0,DELHI,Home & Kitchen,Coffee Mug,1,387.3,0.0,UPI,2024-12-12,1.0
ORD1435,48.0,Bangalore,Beauty,Lipstick,2,46.63,0.0,,2024-07-22,3.0
ORD1334,,DELHI,Clothing,Jeans,-1,62.46,0.0,Cash,2023-09-04,5.0
ORD1463,-5.0,mumbai,Home & Kitchen,Cutting Board,-1,374.29,5.0,Cash,2024-01-11,3.0
ORD1335,,Mumbai,Beauty,Perfume,2,27.77,,Net Banking,2023-09-23,4.0
ORD1452,150.0,Delhi,Home & Kitchen,Blender,1,281.41,0.0,UPI,2023-02-20,5.0
ORD1020,150.0,Delhi,Beauty,Face Mask,1,149.16,0.0,Debit Card,2023-03-04,4.0
ORD1049,150.0,,Beauty,Shampoo,2,275.62,20.0,Cash,2023-03-07,1.0
ORD1348,44.0,mumbai,Clothing,Cap,1,27.43,0.0,UPI,2023-11-05,3.0
ORD1530,-5.0,,Electronics,Laptop Stand,4,433.04,5.0,Net Banking,2023-07-03,5.0
ORD1432,-5.0,Kathmandu,Sports,Yoga Mat,-1,381.95,10.0,Cash,2024-04-16,2.0
ORD1472,150.0,DELHI,Toys,Board Game,4,485.09,10.0,Debit Card,2024-10-10,
ORD1117,,Bangalore,Clothing,Jacket,2,402.82,0.0,Net Banking,2023-12-14,4.0
ORD1439,,Delhi,Home & Kitchen,Cutting Board,-1,354.59,0.0,Cash,2024-05-14,5.0
ORD1236,,Pokhara,Sports,Resistance Band,1,362.61,20.0,Debit Card,2024-02-23,5.0
ORD1366,,DELHI,Beauty,Lipstick,1,196.12,,Credit Card,29/02/2024,
ORD1286,-5.0,Bangalore,Beauty,Perfume,1,22.79,20.0,Debit Card,2024-08-29,5.0
ORD1208,150.0,Bangalore,Sports,Dumbbell,-1,333.43,20.0,Cash,2024-04-29,1.0
ORD1535,42.0,mumbai,Books,Comic,4,385.65,15.0,Debit Card,2024-08-27,
ORD1247,,Pokhara,Books,Novel,3,216.95,15.0,Net Banking,2023-12-27,2.0
ORD1387,-5.0,mumbai,Toys,RC Car,0,144.61,0.0,Credit Card,2023-02-16,5.0
ORD1112,-5.0,Delhi,Sports,Dumbbell,4,84.8,15.0,UPI,2023-12-14,4.0
ORD1202,,Hyderabad,Toys,Puzzle,1,46.65,,Net Banking,2023-11-02,4.0
ORD1391,29.0,Pokhara,Sports,Jump Rope,-1,495.3,,Debit Card,2023-05-26,2.0
ORD1038,150.0,Chennai,Books,Notebook,1,53.35,5.0,Cash,2023-04-22,
ORD1119,150.0,Delhi,Electronics,Bluetooth Speaker,1,446.82,,UPI,24/09/2024,
ORD1278,32.0,Delhi,Electronics,Laptop Stand,0,326.73,0.0,Net Banking,2023-06-20,2.0
ORD1234,150.0,,Home & Kitchen,Coffee Mug,4,248.8,10.0,Net Banking,2023-11-23,4.0
ORD1448,-5.0,,Home & Kitchen,Frying Pan,-1,377.92,5.0,UPI,2023-01-09,1.0
ORD1024,150.0,Chennai,Clothing,T-Shirt,0,186.35,0.0,Credit Card,09/07/2024,1.0
ORD1259,-5.0,Delhi,Sports,Resistance Band,0,287.18,0.0,,2023-01-03,
ORD1310,150.0,Mumbai,Books,Novel,3,139.06,0.0,Cash,2024-08-31,3.0
ORD1091,-5.0,DELHI,Clothing,T-Shirt,0,64.2,,Debit Card,2024-01-27,4.0
ORD1333,-5.0,Pokhara,Home & Kitchen,Lamp,1,12.12,10.0,,08/05/2024,5.0
ORD1365,150.0,Kathmandu,Clothing,Sneakers,1,471.03,5.0,Credit Card,2024-02-24,4.0
ORD1029,37.0,mumbai,Clothing,Sneakers,-1,298.25,0.0,Credit Card,2024-12-21,
ORD1036,,Kathmandu,Clothing,Jeans,5,405.16,20.0,Debit Card,2023-12-25,1.0
ORD1529,150.0,Mumbai,Books,Notebook,-1,32.91,0.0,Cash,30/03/2024,1.0
ORD1208,150.0,Bangalore,Sports,Dumbbell,-1,333.43,20.0,Cash,2024-04-29,1.0
ORD1421,150.0,Delhi,Beauty,Face Cream,3,396.83,20.0,UPI,2023-09-02,4.0
ORD1179,150.0,,Home & Kitchen,Lamp,0,468.68,0.0,Debit Card,2024-08-14,
ORD1082,,Kathmandu,Toys,Lego Set,5,313.53,0.0,Net Banking,2023-09-07,
ORD1058,49.0,Chennai,Home & Kitchen,Water Bottle,4,102.01,20.0,Credit Card,2024-11-08,4.0
ORD1547,-5.0,,Electronics,Wireless Mouse,0,61.21,,,2024-05-09,2.0
ORD1122,-5.0,Hyderabad,Home & Kitchen,Blender,1,22428.5,0.0,Net Banking,2024-05-24,4.0
ORD1027,22.0,Pokhara,Beauty,Face Mask,3,103.84,,Cash,2023-09-02,5.0
ORD1243,150.0,mumbai,Beauty,Shampoo,2,457.86,0.0,Cash,2024-06-12,
ORD1419,36.0,Hyderabad,Home & Kitchen,Blender,0,337.9,0.0,Net Banking,2023-02-08,
ORD1451,150.0,DELHI,Clothing,T-Shirt,1,389.69,5.0,Cash,2023-05-20,5.0
ORD1005,36.0,Mumbai,Toys,RC Car,0,82.23,5.0,,2024-01-06,4.0
ORD1306,,Chennai,Home & Kitchen,Cutting Board,1,488.05,5.0,Cash,2024-10-13,1.0
ORD1001,150.0,mumbai,Electronics,USB Cable,2,41.65,0.0,Credit Card,2023-11-28,
ORD1218,150.0,Pokhara,Electronics,Wireless Mouse,-1,374.51,0.0,Net Banking,2024-07-18,5.0
ORD1284,,Kathmandu,Home & Kitchen,Blender,4,51.52,10.0,Cash,2023-11-11,
ORD1136,150.0,DELHI,Toys,Doll,1,164.99,15.0,Debit Card,2024-09-03,
ORD1319,150.0,Delhi,Toys,RC Car,1,82.44,15.0,Credit Card,2024-09-01,4.0
ORD1219,43.0,Pokhara,Electronics,Wireless Mouse,-1,326.57,15.0,UPI,2023-06-02,5.0
ORD1507,,,Toys,RC Car,1,455.91,5.0,UPI,2024-03-05,3.0
ORD1456,150.0,mumbai,Sports,Water Bottle,2,248.85,10.0,Net Banking,2023-11-27,2.0
ORD1136,150.0,DELHI,Toys,Doll,1,164.99,15.0,Debit Card,2024-09-03,
ORD1546,150.0,Kathmandu,Clothing,Sneakers,0,182.29,15.0,,2023-01-08,
ORD1156,150.0,DELHI,Clothing,T-Shirt,2,124.82,15.0,Credit Card,2024-10-22,3.0
ORD1250,,Chennai,Clothing,Jacket,5,427.24,20.0,Credit Card,26/09/2024,
ORD1285,55.0,,Electronics,Wireless Mouse,2,291.25,0.0,,2024-06-16,2.0
ORD1023,,mumbai,Home & Kitchen,Frying Pan,2,149.61,10.0,,2024-03-09,
ORD1228,,Pokhara,Home & Kitchen,Blender,1,199.58,20.0,Credit Card,2023-01-06,3.0
ORD1426,40.0,Kathmandu,Electronics,USB Cable,1,277.02,10.0,UPI,2024-01-27,4.0
ORD1003,24.0,Bangalore,Books,Notebook,1,367.34,20.0,Debit Card,2023-06-13,5.0
ORD1037,-5.0,mumbai,Home & Kitchen,Cutting Board,1,155.78,0.0,UPI,2023-10-13,1.0
ORD1030,-5.0,Kathmandu,Home & Kitchen,Blender,1,27.99,,,2024-07-20,5.0
ORD1428,,Kathmandu,Clothing,Hoodie,2,444.41,10.0,Cash,2023-07-07,4.0
ORD1006,-5.0,Bangalore,Toys,Puzzle,4,82.22,0.0,UPI,2023-10-12,5.0
ORD1294,-5.0,Mumbai,Home & Kitchen,Coffee Mug,1,183.29,,Net Banking,2023-10-09,4.0
ORD1282,150.0,DELHI,Electronics,USB Cable,2,172.31,5.0,Debit Card,2023-10-26,
ORD1033,,Mumbai,Books,Textbook,1,37.2,0.0,UPI,2024-03-16,4.0
ORD1116,-5.0,DELHI,Toys,Board Game,0,436.37,0.0,Net Banking,2023-08-20,
ORD1157,33.0,Chennai,Home & Kitchen,Frying Pan,1,337.71,0.0,,2024-08-10,5.0
ORD1443,-5.0,Hyderabad,Electronics,Laptop Stand,-1,190.26,0.0,Net Banking,25/02/2023,2.0
ORD1362,-5.0,mumbai,Toys,Puzzle,0,323.43,0.0,Debit Card,2024-09-25,
ORD1425,55.0,,Sports,Gym Bag,5,33.49,,,2023-09-07,
ORD1359,-5.0,Delhi,Beauty,Shampoo,-1,470.41,10.0,Cash,2024-04-25,5.0
ORD1523,-5.0,,Home & Kitchen,Blender,2,485.11,,Net Banking,2023-04-05,3.0
ORD1099,-5.0,Pokhara,Home & Kitchen,Water Bottle,1,17.58,0.0,Net Banking,2024-04-10,4.0
ORD1075,54.0,Mumbai,Electronics,Wireless Mouse,2,354.89,0.0,,2024-11-21,5.0
ORD1260,-5.0,,Toys,Doll,4,53.1,0.0,UPI,2023-08-12,5.0
ORD1298,,Mumbai,Clothing,T-Shirt,2,111.83,0.0,Debit Card,2024-11-03,4.0
ORD1144,150.0,DELHI,Clothing,Jacket,1,153.93,0.0,Cash,2023-02-18,2.0
ORD1042,150.0,,Home & Kitchen,Coffee Mug,4,250.11,0.0,Cash,2024-08-16,4.0
ORD1011,61.0,Pokhara,Books,Novel,4,15.19,10.0,Net Banking,2024-01-26,1.0
ORD1180,150.0,Kathmandu,Toys,RC Car,2,73.07,0.0,Credit Card,2023-02-02,
ORD1008,150.0,DELHI,Clothing,T-Shirt,3,433.76,20.0,,2024-02-15,5.0
ORD1209,,Delhi,Books,Textbook,1,7.51,0.0,Cash,2024-02-02,5.0
ORD1149,,Mumbai,Beauty,Shampoo,1,30.48,0.0,UPI,2023-03-06,4.0
ORD1331,150.0,Pokhara,Clothing,Jacket,0,181.21,10.0,Cash,2023-11-09,4.0
ORD1376,150.0,Bangalore,Home & Kitchen,Frying Pan,1,162.89,0.0,,30/11/2024,
ORD1462,,mumbai,Home & Kitchen,Lamp,5,326.36,,Debit Card,2023-10-09,2.0
ORD1066,20.0,mumbai,Toys,Action Figure,2,273.63,10.0,Debit Card,2023-08-21,5.0
ORD1322,150.0,Pokhara,Home & Kitchen,Frying Pan,5,358.72,0.0,Cash,2024-08-08,3.0
ORD1415,150.0,Hyderabad,Home & Kitchen,Water Bottle,4,317.76,0.0,Debit Card,2024-08-01,4.0
ORD1292,26.0,Delhi,Books,Textbook,2,23.49,15.0,Debit Card,18/03/2023,
ORD1469,,Hyderabad,Electronics,Bluetooth Speaker,-1,115.68,0.0,Debit Card,2023-04-10,4.0
ORD1416,,Chennai,Home & Kitchen,Water Bottle,-1,226.98,0.0,,2024-05-10,4.0
ORD1050,,Chennai,Toys,Doll,1,96.5,,UPI,2024-08-12,4.0
ORD1377,,Pokhara,Sports,Resistance Band,-1,423.21,0.0,Credit Card,2023-09-28,5.0
ORD1537,43.0,,Electronics,Webcam,0,425.58,0.0,Debit Card,2024-04-19,5.0
ORD1544,150.0,Hyderabad,Electronics,Wireless Mouse,1,337.49,,Debit Card,2023-05-28,2.0
ORD1098,150.0,Hyderabad,Sports,Yoga Mat,1,216.63,0.0,Net Banking,2023-08-20,5.0
ORD1216,22.0,Mumbai,Clothing,Cap,-1,122.44,0.0,Net Banking,2024-05-15,1.0
ORD1053,34.0,Hyderabad,Electronics,USB Cable,4,470.05,,UPI,2023-12-02,4.0
ORD1309,,Delhi,Toys,Puzzle,2,398.62,0.0,UPI,2023-01-21,3.0
ORD1316,150.0,mumbai,Beauty,Lipstick,-1,349.51,,Credit Card,2024-02-28,4.0
ORD1080,37.0,DELHI,Sports,Jump Rope,5,62.36,20.0,Debit Card,05/05/2023,3.0
ORD1231,150.0,Hyderabad,Clothing,Jacket,2,398.43,0.0,UPI,2023-10-02,4.0
ORD1392,-5.0,Kathmandu,Beauty,Sunscreen,1,209.25,0.0,,2023-10-25,
ORD1424,-5.0,Delhi,Books,Novel,-1,249.74,,Net Banking,2023-03-16,5.0
ORD1120,150.0,Chennai,Books,Comic,4,271.97,10.0,Cash,2023-10-07,2.0
ORD1535,42.0,mumbai,Books,Comic,4,385.65,15.0,Debit Card,2024-08-27,
ORD1395,-5.0,Chennai,Beauty,Face Mask,4,173.7,10.0,Cash,2023-10-11,
ORD1307,150.0,Mumbai,Beauty,Face Cream,3,260.57,0.0,Cash,2023-09-20,
ORD1142,150.0,,Toys,RC Car,3,129.63,,,2023-05-30,3.0
ORD1016,46.0,Chennai,Books,Journal,2,95.79,5.0,Cash,2024-12-31,
ORD1128,40.0,Pokhara,Toys,RC Car,3,431.06,10.0,UPI,2023-06-04,1.0
ORD1087,59.0,Chennai,Toys,RC Car,1,366.16,15.0,Net Banking,2023-03-18,4.0
ORD1172,21.0,Kathmandu,Sports,Yoga Mat,1,13.21,10.0,Net Banking,2024-02-07,5.0
ORD1317,,Mumbai,Books,Cookbook,5,207.43,0.0,Net Banking,03/11/2023,
ORD1354,150.0,Hyderabad,Books,Notebook,1,85.65,,Cash,2024-01-17,
ORD1028,-5.0,Bangalore,Books,Textbook,1,259.55,10.0,UPI,2023-03-17,2.0
ORD1274,150.0,Kathmandu,Sports,Gym Bag,1,457.05,0.0,Credit Card,2023-11-14,4.0
ORD1235,150.0,mumbai,Toys,Lego Set,3,101.65,5.0,Debit Card,2023-04-27,
ORD1237,150.0,Hyderabad,Toys,Lego Set,1,143.98,0.0,Net Banking,2024-04-04,
ORD1151,-5.0,Hyderabad,Toys,RC Car,3,454.59,0.0,,2023-10-07,
ORD1512,-5.0,Delhi,Electronics,Wireless Mouse,2,212.03,,Cash,2023-11-27,
ORD1068,-5.0,Mumbai,Home & Kitchen,Frying Pan,1,402.09,0.0,Debit Card,2023-03-08,3.0
ORD1225,150.0,Kathmandu,Books,Journal,3,136.28,15.0,Credit Card,24/02/2023,5.0
ORD1253,45.0,,Home & Kitchen,Water Bottle,3,426.31,5.0,Net Banking,2024-07-09,4.0
ORD1041,53.0,DELHI,Sports,Jump Rope,4,65.41,10.0,UPI,2024-11-24,4.0
ORD1455,65.0,Mumbai,Electronics,Power Bank,2,60.04,5.0,Debit Card,2024-01-30,
ORD1490,-5.0,Chennai,Home & Kitchen,Frying Pan,4,445.68,0.0,UPI,10/06/2023,5.0
ORD1424,-5.0,Delhi,Books,Novel,-1,249.74,,Net Banking,2023-03-16,5.0
ORD1261,150.0,,Books,Comic,3,309.43,,Credit Card,2024-11-29,2.0
ORD1132,-5.0,Delhi,Beauty,Sunscreen,1,114.94,0.0,Net Banking,2024-10-08,4.0
ORD1525,150.0,Mumbai,Sports,Jump Rope,-1,419.97,0.0,,29/04/2023,2.0
ORD1522,,Pokhara,Home & Kitchen,Frying Pan,1,193.54,0.0,Debit Card,2024-05-23,
ORD1447,,Bangalore,Books,Cookbook,1,493.07,15.0,UPI,2024-03-28,1.0
ORD1197,150.0,DELHI,Clothing,Jacket,-1,364.35,0.0,Cash,2024-03-28,2.0
ORD1054,,Delhi,Electronics,Power Bank,-1,447.94,5.0,,2023-02-23,1.0
ORD1126,33.0,Chennai,Electronics,Webcam,1,216.42,0.0,UPI,2024-06-27,3.0
ORD1010,,Mumbai,Clothing,Jeans,-1,355.5,20.0,Credit Card,20/05/2024,3.0
ORD1079,,Mumbai,Clothing,Hoodie,3,182.44,10.0,Debit Card,2024-09-29,5.0
ORD1402,,Pokhara,Electronics,Wireless Mouse,3,451.76,20.0,,2023-04-16,5.0
ORD1297,-5.0,Pokhara,Electronics,USB Cable,0,386.15,5.0,Credit Card,13/08/2023,
ORD1032,52.0,Delhi,Beauty,Perfume,-1,89.41,15.0,,2024-12-23,3.0
ORD1485,,Kathmandu,Electronics,USB Cable,1,294.24,10.0,,2023-11-09,
ORD1501,51.0,Mumbai,Sports,Water Bottle,1,350.59,5.0,Net Banking,2023-09-09,4.0
ORD1076,150.0,,Sports,Gym Bag,5,365.86,15.0,Credit Card,2023-10-12,
ORD1495,-5.0,Hyderabad,Clothing,Jacket,1,234.53,0.0,Cash,2023-01-31,5.0
ORD1389,,Chennai,Beauty,Shampoo,2,376.55,0.0,Credit Card,2024-11-24,
ORD1159,-5.0,,Clothing,T-Shirt,1,122.63,0.0,Credit Card,2023-03-17,5.0
ORD1353,-5.0,Bangalore,Beauty,Face Cream,1,331.05,,,16/02/2023,3.0
ORD1488,63.0,Kathmandu,Toys,Puzzle,1,144.08,15.0,Cash,2023-10-27,
ORD1055,-5.0,Delhi,Toys,Puzzle,0,300.96,15.0,Net Banking,2023-06-06,4.0
ORD1382,150.0,mumbai,Toys,Puzzle,4,349.88,,UPI,2023-09-20,
ORD1251,23.0,,Books,Textbook,5,150.75,5.0,Cash,2024-02-23,3.0
ORD1444,,,Electronics,Power Bank,4,9423.5,0.0,,2023-11-13,3.0
ORD1329,,Mumbai,Toys,Board Game,1,212.7,5.0,Debit Card,19/10/2023,4.0
ORD1166,-5.0,Mumbai,Clothing,Cap,0,418.47,5.0,Credit Card,2024-09-11,2.0
ORD1265,-5.0,Hyderabad,Toys,Lego Set,1,439.3,15.0,Credit Card,04/05/2024,2.0
ORD1052,150.0,Mumbai,Clothing,Hoodie,-1,388.69,0.0,Credit Card,2023-01-28,4.0
ORD1108,32.0,Delhi,Beauty,Face Cream,5,379.0,10.0,Cash,2024-04-04,
ORD1060,150.0,Delhi,Sports,Jump Rope,0,166.04,20.0,UPI,2023-10-02,
ORD1476,62.0,,Books,Comic,0,496.52,10.0,Debit Card,2023-08-11,
ORD1293,150.0,Hyderabad,Electronics,Wireless Mouse,5,412.19,0.0,Cash,2023-02-21,1.0
ORD1336,150.0,mumbai,Beauty,Lipstick,-1,25.16,0.0,Debit Card,2023-11-04,5.0
ORD1479,,Hyderabad,Home & Kitchen,Water Bottle,2,484.8,20.0,Cash,06/06/2023,
ORD1086,,mumbai,Books,Textbook,3,165.97,20.0,Cash,2023-04-13,1.0
ORD1527,57.0,Pokhara,Books,Notebook,5,210.34,5.0,Credit Card,2024-11-18,1.0
ORD1500,51.0,Chennai,Clothing,Sneakers,4,493.17,0.0,Cash,2023-02-12,
ORD1182,-5.0,,Books,Notebook,5,61.17,10.0,Net Banking,2024-06-22,5.0
ORD1193,-5.0,DELHI,Sports,Dumbbell,5,450.71,5.0,Credit Card,2023-10-01,5.0
ORD1467,150.0,Kathmandu,Home & Kitchen,Coffee Mug,0,146.43,0.0,,14/03/2023,
ORD1199,52.0,Hyderabad,Home & Kitchen,Blender,2,444.11,0.0,UPI,15/08/2024,2.0
ORD1545,-5.0,Hyderabad,Toys,RC Car,0,310.97,5.0,Net Banking,2024-03-11,
ORD1280,61.0,Chennai,Home & Kitchen,Coffee Mug,4,398.92,0.0,Credit Card,2023-11-24,
ORD1332,-5.0,DELHI,Clothing,Sneakers,2,380.13,10.0,Credit Card,2024-11-24,1.0
ORD1520,-5.0,Chennai,Books,Journal,3,79.46,0.0,UPI,2024-07-22,2.0
ORD1191,150.0,Chennai,Clothing,Cap,5,51.09,20.0,UPI,2024-10-25,4.0
ORD1223,150.0,Kathmandu,Books,Textbook,1,51.37,0.0,Net Banking,2023-07-03,3.0
ORD1115,-5.0,,Books,Notebook,3,318.53,0.0,Debit Card,2023-04-17,2.0
ORD1152,150.0,Delhi,Sports,Jump Rope,5,123.58,0.0,,2024-01-12,4.0
ORD1461,,Pokhara,Beauty,Shampoo,2,63.18,15.0,Net Banking,2023-02-10,
ORD1188,52.0,Delhi,Beauty,Shampoo,2,279.82,0.0,,2023-11-25,4.0
ORD1074,-5.0,Delhi,Beauty,Lipstick,4,408.65,10.0,Net Banking,2023-10-06,1.0
ORD1241,150.0,Kathmandu,Electronics,Wireless Mouse,1,470.53,0.0,Net Banking,2023-12-23,
ORD1146,50.0,mumbai,Beauty,Face Mask,1,23.26,20.0,Net Banking,2024-06-20,
ORD1256,-5.0,Delhi,Beauty,Lipstick,2,280.62,0.0,Debit Card,2024-08-09,4.0
ORD1096,,Pokhara,Toys,Lego Set,1,249.43,0.0,UPI,2024-08-16,4.0
ORD1372,-5.0,Kathmandu,Books,Novel,1,14.02,0.0,UPI,2024-01-26,3.0
ORD1371,150.0,Hyderabad,Toys,Board Game,-1,54.89,0.0,,2024-05-06,
ORD1516,44.0,Kathmandu,Electronics,Wireless Mouse,1,18.05,15.0,Net Banking,2024-04-21,4.0
ORD1413,63.0,Pokhara,Sports,Dumbbell,1,475.55,0.0,Debit Card,2023-10-18,1.0
ORD1494,38.0,Bangalore,Home & Kitchen,Lamp,-1,98.12,0.0,,2023-05-19,3.0
ORD1162,38.0,DELHI,Electronics,USB Cable,4,317.99,,Credit Card,2024-05-05,3.0
ORD1427,-5.0,Delhi,Clothing,Jacket,1,223.56,15.0,Net Banking,2024-02-13,3.0
ORD1244,150.0,DELHI,Clothing,Cap,4,188.23,20.0,Debit Card,10/02/2024,
ORD1417,53.0,mumbai,Beauty,Shampoo,5,150.14,0.0,Cash,2024-12-17,5.0
ORD1344,-5.0,Pokhara,Sports,Gym Bag,0,219.76,20.0,UPI,2023-11-10,
ORD1323,-5.0,Chennai,Sports,Resistance Band,2,331.8,10.0,Credit Card,2023-02-20,5.0
ORD1031,-5.0,Mumbai,Home & Kitchen,Blender,1,305.73,0.0,UPI,2024-10-11,3.0
ORD1374,53.0,Hyderabad,Books,Journal,2,343.09,0.0,Cash,2024-12-10,5.0
ORD1533,150.0,,Toys,Board Game,5,498.34,0.0,Credit Card,14/05/2024,5.0
ORD1057,61.0,Delhi,Beauty,Shampoo,1,48.8,0.0,,2024-08-29,5.0
ORD1487,-5.0,Mumbai,Electronics,USB Cable,2,27.5,15.0,Credit Card,2024-12-14,4.0
ORD1510,39.0,DELHI,Clothing,T-Shirt,3,364.23,0.0,Net Banking,2023-02-07,5.0
ORD1423,,Hyderabad,Toys,Board Game,2,50.15,20.0,Net Banking,2024-09-12,1.0
ORD1150,-5.0,Pokhara,Home & Kitchen,Cutting Board,-1,142.93,0.0,Credit Card,2024-02-12,4.0
ORD1534,59.0,Delhi,Home & Kitchen,Cutting Board,0,279.94,10.0,UPI,2024-08-11,
ORD1184,,mumbai,Sports,Resistance Band,-1,439.28,10.0,Cash,2023-10-08,4.0
ORD1001,150.0,Delhi,Beauty,Face Cream,1,190.4,0.0,,2023-10-09,
ORD1388,150.0,Bangalore,Home & Kitchen,Frying Pan,4,92.83,10.0,Net Banking,2024-02-09,4.0
ORD1127,150.0,Delhi,Home & Kitchen,Coffee Mug,1,409.92,15.0,Debit Card,2024-09-08,
ORD1295,,Hyderabad,Sports,Gym Bag,5,67.89,0.0,Debit Card,04/03/2023,4.0
ORD1045,150.0,Delhi,Sports,Dumbbell,1,133.1,0.0,Cash,2024-11-02,4.0
ORD1314,150.0,mumbai,Home & Kitchen,Frying Pan,5,481.51,15.0,Cash,2024-05-15,3.0
ORD1110,-5.0,Pokhara,Electronics,USB Cable,0,43.11,20.0,Net Banking,01/06/2023,
ORD1059,150.0,mumbai,Home & Kitchen,Lamp,5,27.39,,,2024-12-25,5.0
ORD1394,,Hyderabad,Beauty,Sunscreen,1,389.32,5.0,Debit Card,2024-08-02,1.0
ORD1457,-5.0,Hyderabad,Clothing,Jacket,1,10.62,0.0,UPI,2024-11-13,1.0
ORD1361,44.0,Mumbai,Toys,Lego Set,5,197.14,0.0,Credit Card,2023-11-20,4.0
ORD1440,,Delhi,Beauty,Lipstick,4,45.27,15.0,Credit Card,2024-10-08,3.0
ORD1175,,Chennai,Toys,Doll,0,324.36,5.0,UPI,2023-05-02,
ORD1123,150.0,Delhi,Sports,Jump Rope,1,162.41,20.0,UPI,22/03/2024,4.0
